fecha,boletos_vendidos,precio_venta
2017-01-01,203801,99.32
2017-01-02,215862,99.57
2017-01-03,218488,99.92
2017-01-04,233814,99.59
2017-01-05,218903,99.23
2017-01-06,239851,99.22
2017-01-07,216035,100.04
2017-01-08,228114,98.75
2017-01-09,206425,100.41
2017-01-10,221544,99.26
2017-01-11,219031,99.49
2017-01-12,229976,100.42
2017-01-13,215510,100.17
2017-01-14,212724,99.55
2017-01-15,219599,99.3
2017-01-16,209670,100.18
2017-01-17,233071,99.43
2017-01-18,225559,98.95
2017-01-19,211152,99.37
2017-01-20,223155,99.34
2017-01-21,210596,99.24
2017-01-22,228645,99.18
2017-01-23,209925,100.21
2017-01-24,216392,99.41
2017-01-25,217330,99.6
2017-01-26,215505,99.76
2017-01-27,209394,100.0
2017-01-28,208629,99.51
2017-01-29,220239,99.34
2017-01-30,213747,98.63
2017-01-31,220829,99.0
2017-02-01,222180,98.93
2017-02-02,209239,98.64
2017-02-03,200923,99.75
2017-02-04,229322,98.95
2017-02-05,217509,100.08
2017-02-06,207874,98.86
2017-02-07,198683,99.44
2017-02-08,203771,100.34
2017-02-09,223712,99.85
2017-02-10,204571,98.35
2017-02-11,214609,99.12
2017-02-12,209805,99.8
2017-02-13,236946,99.42
2017-02-14,225719,99.23
2017-02-15,226332,99.87
2017-02-16,224244,99.49
2017-02-17,225351,100.05
2017-02-18,229835,99.87
2017-02-19,209141,99.83
2017-02-20,215858,99.44
2017-02-21,227278,98.96
2017-02-22,221096,100.03
2017-02-23,205712,99.9
2017-02-24,208015,99.09
2017-02-25,228621,99.35
2017-02-26,227433,99.87
2017-02-27,202450,99.36
2017-02-28,217047,98.92
2017-03-01,615467,100.23
2017-03-02,609848,99.62
2017-03-03,630561,100.13
2017-03-04,633306,99.37
2017-03-05,632290,99.78
2017-03-06,616730,99.29
2017-03-07,612609,99.12
2017-03-08,635018,99.54
2017-03-09,602874,99.44
2017-03-10,613091,99.95
2017-03-11,623751,99.11
2017-03-12,626490,99.93
2017-03-13,624543,99.5
2017-03-14,619042,99.72
2017-03-15,607507,99.64
2017-03-16,598315,99.65
2017-03-17,621912,99.61
2017-03-18,624526,98.73
2017-03-19,620594,99.67
2017-03-20,613646,99.11
2017-03-21,634179,99.46
2017-03-22,604399,99.74
2017-03-23,628722,99.14
2017-03-24,620814,98.67
2017-03-25,631713,99.19
2017-03-26,632283,100.5
2017-03-27,623880,99.06
2017-03-28,624680,99.2
2017-03-29,615535,99.4
2017-03-30,615450,99.83
2017-03-31,612926,99.25
2017-04-01,597143,100.12
2017-04-02,628735,100.33
2017-04-03,621901,99.3
2017-04-04,633261,100.74
2017-04-05,629388,99.12
2017-04-06,620483,99.55
2017-04-07,610950,99.99
2017-04-08,613860,99.79
2017-04-09,631327,99.94
2017-04-10,633213,99.31
2017-04-11,616222,99.39
2017-04-12,618188,99.84
2017-04-13,603383,99.23
2017-04-14,610693,98.9
2017-04-15,596725,99.12
2017-04-16,620926,99.05
2017-04-17,604211,99.2
2017-04-18,623540,99.48
2017-04-19,612962,99.6
2017-04-20,624446,99.99
2017-04-21,601332,99.94
2017-04-22,623009,99.29
2017-04-23,616068,99.46
2017-04-24,618503,99.69
2017-04-25,610131,100.16
2017-04-26,622831,99.7
2017-04-27,619981,99.5
2017-04-28,617233,99.66
2017-04-29,614491,98.86
2017-04-30,608584,99.37
2017-05-01,643415,100.6
2017-05-02,599005,99.94
2017-05-03,598914,99.29
2017-05-04,611005,100.14
2017-05-05,611263,99.3
2017-05-06,627501,100.12
2017-05-07,587591,99.58
2017-05-08,627982,99.07
2017-05-09,626918,99.05
2017-05-10,631070,99.44
2017-05-11,598340,99.72
2017-05-12,619451,100.1
2017-05-13,632036,99.03
2017-05-14,611309,99.9
2017-05-15,618869,98.81
2017-05-16,620505,99.46
2017-05-17,612614,99.87
2017-05-18,631734,99.6
2017-05-19,628133,99.84
2017-05-20,615812,99.86
2017-05-21,612188,99.46
2017-05-22,626702,99.91
2017-05-23,602460,100.58
2017-05-24,640531,100.12
2017-05-25,611497,99.66
2017-05-26,612038,99.02
2017-05-27,609301,99.0
2017-05-28,628213,98.74
2017-05-29,613798,98.52
2017-05-30,605504,99.09
2017-05-31,616733,98.53
2017-06-01,626669,98.87
2017-06-02,593132,98.73
2017-06-03,612168,99.28
2017-06-04,626504,100.61
2017-06-05,620491,100.79
2017-06-06,638487,99.25
2017-06-07,617002,99.53
2017-06-08,623358,99.6
2017-06-09,604439,101.06
2017-06-10,603798,98.33
2017-06-11,614032,98.98
2017-06-12,620359,99.02
2017-06-13,613249,99.35
2017-06-14,615521,99.44
2017-06-15,614655,99.41
2017-06-16,622911,98.69
2017-06-17,618393,99.68
2017-06-18,617935,100.48
2017-06-19,620033,99.37
2017-06-20,606081,98.73
2017-06-21,623688,99.56
2017-06-22,633891,99.7
2017-06-23,612826,99.73
2017-06-24,625887,100.39
2017-06-25,628452,98.61
2017-06-26,615039,98.81
2017-06-27,607241,99.51
2017-06-28,603944,99.7
2017-06-29,617888,99.22
2017-06-30,608644,98.73
2017-07-01,630067,99.99
2017-07-02,601095,100.33
2017-07-03,621592,99.91
2017-07-04,613780,99.33
2017-07-05,611563,99.06
2017-07-06,595769,99.71
2017-07-07,618057,100.33
2017-07-08,608850,99.89
2017-07-09,619587,99.51
2017-07-10,622066,99.48
2017-07-11,607093,99.13
2017-07-12,612917,99.12
2017-07-13,606293,99.94
2017-07-14,618314,99.07
2017-07-15,602910,99.83
2017-07-16,618666,100.11
2017-07-17,611847,99.72
2017-07-18,617529,98.94
2017-07-19,617188,99.35
2017-07-20,619913,99.05
2017-07-21,620220,99.72
2017-07-22,611310,99.22
2017-07-23,614227,99.72
2017-07-24,617198,99.58
2017-07-25,616334,99.55
2017-07-26,624322,99.76
2017-07-27,618700,98.67
2017-07-28,622665,99.0
2017-07-29,609799,100.04
2017-07-30,597277,100.16
2017-07-31,617105,99.1
2017-08-01,610621,100.13
2017-08-02,624353,99.65
2017-08-03,620896,98.95
2017-08-04,614631,99.1
2017-08-05,614925,99.6
2017-08-06,634024,99.82
2017-08-07,619363,99.48
2017-08-08,623298,99.97
2017-08-09,618705,99.28
2017-08-10,601092,99.47
2017-08-11,625855,99.72
2017-08-12,602248,100.04
2017-08-13,644001,99.75
2017-08-14,607741,99.84
2017-08-15,622304,100.12
2017-08-16,632322,98.45
2017-08-17,616050,99.74
2017-08-18,615644,98.84
2017-08-19,636576,99.53
2017-08-20,627970,99.54
2017-08-21,618888,99.1
2017-08-22,615624,99.91
2017-08-23,605264,99.06
2017-08-24,635970,99.63
2017-08-25,626075,100.1
2017-08-26,614595,99.42
2017-08-27,622934,99.41
2017-08-28,621967,100.04
2017-08-29,608286,100.42
2017-08-30,616471,99.4
2017-08-31,613427,99.04
2017-09-01,623805,100.01
2017-09-02,615770,100.22
2017-09-03,622627,99.46
2017-09-04,635855,99.35
2017-09-05,614111,99.8
2017-09-06,620652,99.54
2017-09-07,608222,99.79
2017-09-08,615420,99.49
2017-09-09,630517,100.33
2017-09-10,629450,98.91
2017-09-11,609458,98.93
2017-09-12,624090,99.36
2017-09-13,639234,99.6
2017-09-14,623702,99.79
2017-09-15,614958,98.85
2017-09-16,616767,100.23
2017-09-17,605742,98.48
2017-09-18,619162,99.13
2017-09-19,626715,100.53
2017-09-20,614569,99.38
2017-09-21,615714,98.91
2017-09-22,608169,100.06
2017-09-23,630858,99.7
2017-09-24,615990,100.08
2017-09-25,595805,99.14
2017-09-26,616606,99.26
2017-09-27,604624,99.34
2017-09-28,618213,99.14
2017-09-29,609393,99.01
2017-09-30,619914,99.52
2017-10-01,611526,99.26
2017-10-02,626744,99.37
2017-10-03,622577,100.01
2017-10-04,615497,98.71
2017-10-05,621330,99.76
2017-10-06,619533,99.35
2017-10-07,603827,99.72
2017-10-08,606871,99.85
2017-10-09,616476,100.83
2017-10-10,621771,98.99
2017-10-11,613049,98.94
2017-10-12,633200,98.96
2017-10-13,623510,99.29
2017-10-14,605777,99.94
2017-10-15,617274,101.28
2017-10-16,618455,99.28
2017-10-17,624320,99.79
2017-10-18,622118,98.69
2017-10-19,624638,98.98
2017-10-20,615604,98.83
2017-10-21,619057,99.4
2017-10-22,626196,99.18
2017-10-23,595356,99.25
2017-10-24,612952,99.5
2017-10-25,615431,99.24
2017-10-26,602993,98.85
2017-10-27,617082,99.22
2017-10-28,626687,99.08
2017-10-29,596138,99.92
2017-10-30,615249,99.2
2017-10-31,616842,99.39
2017-11-01,607240,99.99
2017-11-02,627728,98.88
2017-11-03,617008,99.11
2017-11-04,601782,99.35
2017-11-05,619649,99.53
2017-11-06,604847,99.62
2017-11-07,611230,99.46
2017-11-08,606183,100.47
2017-11-09,603106,99.91
2017-11-10,597059,99.21
2017-11-11,615673,99.22
2017-11-12,610938,99.43
2017-11-13,629122,99.12
2017-11-14,612132,99.74
2017-11-15,617339,99.42
2017-11-16,593005,100.15
2017-11-17,618044,99.59
2017-11-18,616273,99.04
2017-11-19,614893,99.12
2017-11-20,607764,99.41
2017-11-21,616585,100.26
2017-11-22,628585,98.89
2017-11-23,616766,99.27
2017-11-24,615324,99.5
2017-11-25,608835,99.93
2017-11-26,625600,99.4
2017-11-27,608914,99.14
2017-11-28,630364,99.06
2017-11-29,606464,99.14
2017-11-30,593376,98.64
2017-12-01,637892,99.0
2017-12-02,602327,100.21
2017-12-03,617512,100.13
2017-12-04,603256,99.71
2017-12-05,611056,99.52
2017-12-06,625266,99.44
2017-12-07,605417,99.41
2017-12-08,635771,99.34
2017-12-09,614511,100.0
2017-12-10,619800,99.33
2017-12-11,617028,98.68
2017-12-12,620565,99.77
2017-12-13,626009,98.78
2017-12-14,607856,99.38
2017-12-15,611513,99.13
2017-12-16,604157,100.12
2017-12-17,608019,99.16
2017-12-18,619330,99.53
2017-12-19,618672,99.68
2017-12-20,605754,99.32
2017-12-21,608322,100.1
2017-12-22,617607,98.76
2017-12-23,600548,99.8
2017-12-24,630382,99.16
2017-12-25,618993,98.7
2017-12-26,634170,99.88
2017-12-27,622482,100.12
2017-12-28,628237,100.14
2017-12-29,629076,100.15
2017-12-30,203564,99.02
2017-12-31,214347,100.39
2018-01-01,219708,99.58
2018-01-02,207783,99.04
2018-01-03,209227,99.79
2018-01-04,207414,99.18
2018-01-05,224844,98.39
2018-01-06,229588,99.51
2018-01-07,196816,100.01
2018-01-08,230256,99.69
2018-01-09,198416,100.27
2018-01-10,225736,98.95
2018-01-11,206570,99.55
2018-01-12,221766,99.32
2018-01-13,222031,98.79
2018-01-14,220466,99.07
2018-01-15,209648,99.81
2018-01-16,221570,99.89
2018-01-17,196962,99.37
2018-01-18,206832,99.95
2018-01-19,225210,99.23
2018-01-20,211658,99.51
2018-01-21,212020,100.02
2018-01-22,228718,99.82
2018-01-23,213316,99.07
2018-01-24,218363,100.06
2018-01-25,208083,99.56
2018-01-26,221720,99.12
2018-01-27,209215,98.7
2018-01-28,216122,99.66
2018-01-29,221357,99.46
2018-01-30,213287,99.42
2018-01-31,209700,100.43
2018-02-01,216775,99.96
2018-02-02,206083,100.21
2018-02-03,227606,100.02
2018-02-04,222590,99.38
2018-02-05,219112,99.07
2018-02-06,218787,100.59
2018-02-07,218879,99.54
2018-02-08,239438,100.26
2018-02-09,192848,99.2
2018-02-10,221369,99.26
2018-02-11,222931,99.32
2018-02-12,213683,98.56
2018-02-13,221248,99.54
2018-02-14,210151,99.18
2018-02-15,211884,99.2
2018-02-16,224180,98.44
2018-02-17,207535,99.29
2018-02-18,218966,97.98
2018-02-19,213090,100.16
2018-02-20,209019,99.88
2018-02-21,221280,99.49
2018-02-22,214248,99.32
2018-02-23,221574,100.18
2018-02-24,216756,99.54
2018-02-25,218242,99.31
2018-02-26,226117,99.67
2018-02-27,203416,99.46
2018-02-28,215556,99.21
2018-03-01,215953,99.93
2018-03-02,220399,98.91
2018-03-03,226947,100.28
2018-03-04,193689,99.38
2018-03-05,220522,98.93
2018-03-06,222992,99.09
2018-03-07,243513,98.0
2018-03-08,213684,99.21
2018-03-09,222118,99.14
2018-03-10,206657,99.76
2018-03-11,210614,98.82
2018-03-12,225094,99.52
2018-03-13,225471,98.87
2018-03-14,221241,98.22
2018-03-15,218753,99.44
2018-03-16,226318,99.75
2018-03-17,226918,99.95
2018-03-18,197165,98.7
2018-03-19,226596,98.74
2018-03-20,225320,99.66
2018-03-21,217273,98.96
2018-03-22,203275,99.97
2018-03-23,223374,99.76
2018-03-24,216634,99.52
2018-03-25,212207,98.94
2018-03-26,213289,99.06
2018-03-27,214451,99.4
2018-03-28,216277,99.8
2018-03-29,216453,99.58
2018-03-30,229255,98.78
2018-03-31,226847,99.09
2018-04-01,216842,99.88
2018-04-02,212100,99.02
2018-04-03,224529,99.03
2018-04-04,208501,99.5
2018-04-05,216722,98.99
2018-04-06,227193,99.6
2018-04-07,210573,99.05
2018-04-08,204631,98.71
2018-04-09,213566,99.47
2018-04-10,195639,99.66
2018-04-11,205950,99.78
2018-04-12,211786,99.87
2018-04-13,214506,100.01
2018-04-14,209226,100.24
2018-04-15,196993,98.79
2018-04-16,191118,99.25
2018-04-17,206339,100.46
2018-04-18,232672,99.44
2018-04-19,232754,99.42
2018-04-20,224274,99.63
2018-04-21,221050,99.5
2018-04-22,231058,99.2
2018-04-23,221429,100.29
2018-04-24,224244,99.12
2018-04-25,218933,99.11
2018-04-26,215740,99.12
2018-04-27,212574,99.84
2018-04-28,227276,98.99
2018-04-29,216283,98.95
2018-04-30,209205,100.31
2018-05-01,233157,99.18
2018-05-02,226961,100.03
2018-05-03,214205,99.79
2018-05-04,220327,99.23
2018-05-05,213258,99.46
2018-05-06,207235,98.7
2018-05-07,200835,99.84
2018-05-08,211842,98.81
2018-05-09,233700,100.22
2018-05-10,213512,99.78
2018-05-11,198149,98.59
2018-05-12,213613,99.45
2018-05-13,227191,99.42
2018-05-14,184434,98.98
2018-05-15,216850,99.28
2018-05-16,208478,99.7
2018-05-17,193212,98.84
2018-05-18,228281,99.29
2018-05-19,197112,98.99
2018-05-20,235965,99.68
2018-05-21,217342,99.21
2018-05-22,221465,98.83
2018-05-23,226639,99.61
2018-05-24,222950,99.39
2018-05-25,235323,98.9
2018-05-26,220800,99.32
2018-05-27,232921,99.48
2018-05-28,231386,100.63
2018-05-29,228114,99.34
2018-05-30,233478,99.59
2018-05-31,227629,99.54
2018-06-01,228299,99.44
2018-09-25,211289,99.4
2018-09-26,207783,99.63
2018-09-27,226625,99.93
2018-09-28,211590,99.58
2018-09-29,224416,100.86
2018-09-30,220214,99.2
2018-10-01,211066,100.04
2018-10-02,222039,99.94
2018-10-03,206575,100.18
2018-10-04,223590,99.33
2018-10-05,211488,99.2
2018-10-06,219501,100.14
2018-10-07,226141,99.15
2018-10-08,210390,100.39
2018-10-09,209326,100.19
2018-10-10,201676,99.62
2018-10-11,231484,99.75
2018-10-12,245779,98.37
2018-10-13,217156,98.96
2018-10-14,197259,100.01
2018-10-15,201863,100.04
2018-10-16,213065,99.79
2018-10-17,217098,99.96
2018-10-18,205020,99.72
2018-10-19,218783,99.29
2018-10-20,220778,99.71
2018-10-21,224590,99.13
2018-10-22,211276,100.23
2018-10-23,216700,99.89
2018-10-24,197895,98.87
2018-10-25,206665,98.77
2018-10-26,223872,98.68
2018-10-27,216282,98.82
2018-10-28,223630,99.09
2018-10-29,213989,100.24
2018-10-30,218656,99.65
2018-10-31,238427,98.88
2018-11-01,201742,99.42
2018-11-02,236210,100.24
2018-11-03,221863,100.25
2018-11-04,220431,100.82
2018-11-05,237559,100.16
2018-11-06,223101,99.32
2018-11-07,197259,99.19
2018-11-08,242516,99.33
2018-11-09,218676,99.19
2018-11-10,217547,99.96
2018-11-11,217400,99.09
2018-11-12,230194,99.36
2018-11-13,236925,99.66
2018-11-14,219078,99.9
2018-11-15,207721,99.72
2018-11-16,223628,99.98
2018-11-17,212803,99.26
2018-11-18,191466,99.11
2018-11-19,227251,99.92
2018-11-20,209975,99.63
2018-11-21,224383,99.02
2018-11-22,221606,100.37
2018-11-23,218301,99.86
2018-11-24,227649,99.94
2018-11-25,203215,98.96
2018-11-26,223691,99.75
2018-11-27,234853,99.57
2018-11-28,228939,99.58
2018-11-29,214799,99.64
2018-11-30,205241,99.87
2018-12-01,217145,99.47
2018-12-02,233449,99.93
2018-12-03,188454,99.7
2018-12-04,207792,99.72
2018-12-05,217133,99.16
2018-12-06,225234,99.35
2018-12-07,220747,99.27
2018-12-08,227395,98.87
2018-12-09,202549,99.38
2018-12-10,214296,98.95
2018-12-11,233671,99.61
2018-12-12,216946,99.75
2018-12-13,232465,99.49
2018-12-14,209379,98.71
2018-12-15,224297,99.7
2018-12-16,220232,99.45
2018-12-17,220107,98.28
2018-12-18,211661,99.56
2018-12-19,212892,99.21
2018-12-20,231547,99.1
2018-12-21,224702,99.8
2018-12-22,213130,100.33
2018-12-23,212602,99.22
2018-12-24,194614,99.22
2018-12-25,215913,99.26
2018-12-26,225350,99.84
2018-12-27,250646,98.96
2018-12-28,193433,100.28
2018-12-29,232271,100.72
2018-12-30,216641,99.73
2018-12-31,209481,99.24
2019-01-01,214549,100.21
2019-01-02,219098,100.35
2019-01-03,199951,99.68
2019-01-04,222740,99.27
2019-01-05,222092,99.36
2019-01-06,221593,99.85
2019-01-07,221589,99.35
2019-01-08,210162,100.24
2019-01-09,238875,100.47
2019-01-10,208922,98.89
2019-01-11,224327,99.67
2019-01-12,223188,99.26
2019-01-13,203686,99.46
2019-01-14,233052,99.74
2019-01-15,207165,99.77
2019-01-16,206219,99.47
2019-01-17,200410,99.47
2019-01-18,203611,99.25
2019-01-19,224846,99.83
2019-01-20,210168,99.44
2019-01-21,234843,99.38
2019-01-22,216139,99.12
2019-01-23,223656,99.36
2019-01-24,219010,98.44
2019-01-25,220240,98.92
2019-01-26,201543,98.55
2019-01-27,220944,99.49
2019-01-28,219227,99.26
2019-01-29,223782,99.56
2019-01-30,206831,99.47
2019-01-31,216530,98.99
2019-02-01,248329,99.27
2019-02-02,214358,99.33
2019-02-03,232108,99.27
2019-02-04,211928,99.59
2019-02-05,226591,100.05
2019-02-06,205544,100.3
2019-02-07,237443,100.41
2019-02-08,218161,99.07
2019-02-09,215949,99.39
2019-02-10,221921,100.32
2019-02-11,227823,98.6
2019-02-12,217754,99.58
2019-02-13,218254,100.43
2019-02-14,239572,99.19
2019-02-15,215177,99.27
2019-02-16,212261,99.37
2019-02-17,213073,98.83
2019-02-18,222934,99.64
2019-02-19,215950,99.02
2019-02-20,212945,99.02
2019-02-21,228262,98.78
2019-02-22,239360,98.8
2019-02-23,215646,99.43
2019-02-24,225783,99.18
2019-02-25,224208,99.96
2019-02-26,237494,100.14
2019-02-27,212111,99.01
2019-02-28,220058,99.38
2019-03-01,198428,99.71
2019-03-02,231795,99.45
2019-03-03,208734,100.29
2019-03-04,214996,98.93
2019-03-05,220829,99.09
2019-03-06,219875,99.24
2019-03-07,218365,100.14
2019-03-08,230033,100.04
2019-03-09,212398,98.04
2019-03-10,229800,100.12
2019-03-11,216151,100.08
2019-03-12,232091,99.17
2019-03-13,221663,99.5
2019-03-14,212219,99.87
2019-03-15,204985,99.98
2019-03-16,219495,100.16
2019-03-17,198115,99.69
2019-03-18,208866,98.72
2019-03-19,206304,99.96
2019-03-20,241659,99.09
2019-03-21,226404,100.24
2019-03-22,217798,98.98
2019-03-23,219500,99.06
2019-03-24,216119,99.91
2019-03-25,226663,99.51
2019-03-26,230417,99.55
2019-03-27,224806,99.57
2019-03-28,243154,99.35
2019-03-29,236084,98.87
2019-03-30,206578,99.79
2019-03-31,225673,99.4
2019-04-01,213079,100.25
2019-04-02,225299,99.11
2019-04-03,227472,99.19
2019-04-04,229736,99.53
2019-04-05,246290,99.34
2019-04-06,215380,99.3
2019-04-07,213147,100.48
2019-04-08,210048,100.57
2019-04-09,213581,99.03
2019-04-10,207151,99.84
2019-04-11,237000,99.73
2019-04-12,218596,99.36
2019-04-13,210556,99.43
2019-04-14,229212,100.33
2019-04-15,220699,99.88
2019-04-16,216963,99.32
2019-04-17,217247,99.31
2019-04-18,218163,99.82
2019-04-19,209948,99.97
2019-04-20,214911,99.83
2019-04-21,212306,98.79
2019-04-22,222984,99.76
2019-04-23,216945,99.26
2019-04-24,228713,99.14
2019-04-25,214400,99.65
2019-04-26,208713,100.07
2019-04-27,229398,100.03
2019-04-28,197666,98.52
2019-04-29,220630,99.98
2019-04-30,221619,99.32
2019-05-01,232883,99.59
2019-05-02,222126,99.97
2019-05-03,236338,99.66
2019-05-04,221661,99.24
2019-05-05,207026,99.52
2019-05-06,214429,100.2
2019-05-07,213886,99.68
2019-05-08,218911,99.58
2019-05-09,217194,100.07
2019-05-10,224594,99.26
2019-05-11,212872,98.94
2019-05-12,230888,99.39
2019-05-13,212437,100.4
2019-05-14,230925,99.65
2019-05-15,218101,99.02
2019-05-16,218691,99.72
2019-05-17,203880,100.34
2019-05-18,226000,99.27
2019-05-19,204473,98.63
2019-05-20,224410,99.85
2019-05-21,216032,98.83
2019-05-22,216644,99.61
2019-05-23,218816,99.24
2019-05-24,220015,99.43
2019-05-25,205922,99.24
2019-05-26,217198,99.69
2019-05-27,212487,99.28
2019-05-28,223736,99.9
2019-05-29,217028,101.14
2019-05-30,223812,100.23
2019-05-31,216087,99.04
2019-06-01,219372,99.3
2019-06-02,233769,100.36
2019-06-03,213609,99.25
2019-06-04,217564,99.74
2019-06-05,205978,99.77
2019-06-06,218946,99.95
2019-06-07,224178,99.67
2019-06-08,213149,98.56
2019-06-09,218102,99.92
2019-06-10,213888,99.41
2019-06-11,223429,99.65
2019-06-12,225326,99.29
2019-06-13,207695,99.21
2019-06-14,223260,99.82
2019-06-15,210930,99.43
2019-06-16,204318,99.64
2019-06-17,205863,99.47
2019-06-18,222881,98.96
2019-06-19,204758,99.1
2019-06-20,221072,100.47
2019-06-21,226328,99.24
2019-06-22,225727,99.36
2019-06-23,215683,100.22
2019-06-24,211198,99.01
2019-06-25,224010,99.09
2019-06-26,198693,98.24
2019-06-27,215550,99.59
2019-06-28,197569,100.02
2019-06-29,216406,99.5
2019-06-30,215369,99.58
2019-07-01,210619,99.46
2019-07-02,212139,99.63
2019-07-03,220399,100.41
2019-07-04,229850,99.02
2019-07-05,209396,100.4
2019-07-06,200970,99.41
2019-07-07,218408,99.52
2019-07-08,233728,99.41
2019-07-09,223903,97.92
2019-07-10,228824,99.32
2019-07-11,214475,99.79
2019-07-12,211205,99.85
2019-07-13,224532,99.38
2019-07-14,217426,99.53
2019-07-15,213624,100.62
2019-07-16,218298,99.32
2019-07-17,201505,99.86
2019-07-18,215464,99.5
2019-07-19,215436,98.96
2019-07-20,224147,99.15
2019-07-21,222363,99.53
2019-07-22,212865,99.42
2019-07-23,217525,100.11
2019-07-24,221281,100.24
2019-07-25,226000,99.22
2019-07-26,232274,99.51
2019-07-27,194559,99.01
2019-07-28,206090,99.97
2019-07-29,213405,99.01
2019-07-30,224350,99.02
2019-07-31,236520,98.58
2019-08-01,208472,99.81
2019-08-02,215329,99.88
2019-08-03,217876,99.98
2019-08-04,216166,99.97
2019-08-05,211439,100.15
2019-08-06,211486,99.71
2019-08-07,216912,100.01
2019-08-08,213598,99.33
2019-08-09,222195,99.58
2019-08-10,211249,99.31
2019-08-11,223503,99.7
2019-08-12,193093,100.47
2019-08-13,209394,99.61
2019-08-14,226308,99.8
2019-08-15,221603,97.79
2019-08-16,192892,101.12
2019-08-17,235879,99.3
2019-08-18,210962,99.15
2019-08-19,226362,100.19
2019-08-20,219612,99.43
2019-08-21,228237,99.88
2019-08-22,209403,99.36
2019-08-23,215632,99.77
2019-08-24,217690,100.52
2019-08-25,218136,99.68
2019-08-26,212324,99.96
2019-08-27,214553,99.82
2019-08-28,190710,99.74
2019-08-29,224732,99.32
2019-08-30,225295,99.28
2019-08-31,218292,99.51
2019-09-01,220129,99.05
2019-09-02,232568,100.62
2019-09-03,249253,98.87
2019-09-04,229787,98.96
2019-09-05,211810,98.5
2019-09-06,237919,98.41
2019-09-07,223230,99.34
2019-09-08,219556,99.63
2019-09-09,233944,98.73
2019-09-10,212160,100.18
2019-09-11,203801,98.84
2019-09-12,200165,99.53
2019-09-13,214584,99.6
2019-09-14,206574,100.51
2019-09-15,212407,100.35
2019-09-16,214222,100.07
2019-09-17,218355,99.43
2019-09-18,225540,99.56
2019-09-19,214591,99.6
2019-09-20,216511,98.81
2019-09-21,211518,98.94
2019-09-22,229500,99.11
2019-09-23,208455,98.76
2019-09-24,211702,99.9
2019-09-25,228220,100.0
2019-09-26,233319,99.6
2019-09-27,216110,99.61
2019-09-28,229589,98.89
2019-09-29,214767,99.35
2019-09-30,215387,99.38
2019-10-01,225694,99.32
2019-10-02,187694,99.2
2019-10-03,209386,99.25
2019-10-04,229618,99.52
2019-10-05,217253,98.98
2019-10-06,209509,100.08
2019-10-07,207555,99.58
2019-10-08,213949,98.7
2019-10-09,233124,99.54
2019-10-10,225571,99.14
2019-10-11,237496,98.33
2019-10-12,215026,99.27
2019-10-13,216597,99.36
2019-10-14,227503,100.03
2019-10-15,203870,99.99
2019-10-16,231546,99.54
2019-10-17,216889,99.33
2019-10-18,212341,98.87
2019-10-19,190555,100.03
2019-10-20,219988,98.95
2019-10-21,232597,99.91
2019-10-22,216933,98.32
2019-10-23,226227,99.64
2019-10-24,226973,99.64
2019-10-25,215066,99.18
2019-10-26,213302,99.62
2019-10-27,212947,99.38
2019-10-28,224654,99.7
2019-10-29,208579,98.97
2019-10-30,226186,99.32
2019-10-31,226408,99.36
2019-11-01,212247,99.31
2019-11-02,211162,98.88
2019-11-03,231077,99.52
2019-11-04,213132,98.72
2019-11-05,209941,100.0
2019-11-06,218373,99.9
2019-11-07,236951,99.24
2019-11-08,204926,99.5
2019-11-09,206807,99.41
2019-11-10,222022,99.18
2019-11-11,212938,99.05
2019-11-12,210725,99.32
2019-11-13,216479,99.81
2019-11-14,233059,99.93
2019-11-15,197231,99.41
2019-11-16,212258,100.15
2019-11-17,218758,98.73
2019-11-18,209665,98.96
2019-11-19,208129,99.42
2019-11-20,226090,98.96
2019-11-21,220117,98.63
2019-11-22,228641,98.95
2019-11-23,226984,99.65
2019-11-24,211085,99.4
2019-11-25,236074,99.69
2019-11-26,222931,99.7
2019-11-27,218400,99.1
2019-11-28,217404,99.86
2019-11-29,204713,99.17
2019-11-30,213006,99.83
2019-12-01,218335,99.56
2019-12-02,211990,100.2
2019-12-03,211744,99.52
2019-12-04,232532,99.43
2019-12-05,229605,99.54
2019-12-06,221162,99.02
2019-12-07,201515,98.8
2019-12-08,217545,100.24
2019-12-09,200836,100.16
2019-12-10,203835,100.28
2019-12-11,223882,99.22
2019-12-12,217385,99.9
2019-12-13,191563,99.33
2019-12-14,210801,99.5
2019-12-15,207652,99.34
2019-12-16,220061,99.68
2019-12-17,200885,98.9
2019-12-18,213680,98.66
2019-12-19,194996,99.46
2019-12-20,207718,99.1
2019-12-21,211604,100.59
2019-12-22,205169,100.57
2019-12-23,214921,100.16
2019-12-24,210621,99.52
2019-12-25,248764,100.03
2019-12-26,227677,99.14
2019-12-27,203819,99.4
2019-12-28,224623,99.71
2019-12-29,221406,99.9
2019-12-30,220452,99.57
2019-12-31,217476,100.29
2020-01-01,210722,100.03
2020-01-02,224197,99.76
2020-01-03,225333,99.94
2020-01-04,208278,99.88
2020-01-05,230458,99.07
2020-01-06,210886,99.17
2020-01-07,204332,99.78
2020-01-08,226328,99.61
2020-01-09,211426,99.56
2020-01-10,216770,99.4
2020-01-11,178706,99.53
2020-01-12,196497,99.49
2020-01-13,216200,99.2
2020-01-14,201918,99.45
2020-01-15,209133,99.48
2020-01-16,222890,98.87
2020-01-17,208777,100.5
2020-01-18,216667,100.03
2020-01-19,215948,99.29
2020-01-20,232965,99.99
2020-01-21,229162,98.27
2020-01-22,210787,99.21
2020-01-23,232538,99.87
2020-01-24,210449,98.72
2020-01-25,228727,99.48
2020-01-26,222710,99.67
2020-01-27,212261,99.93
2020-01-28,211715,99.54
2020-01-29,220278,100.04
2020-01-30,221775,98.83
2020-01-31,221137,99.1
2020-02-01,212070,99.61
2020-02-02,231356,99.8
2020-02-03,228078,100.13
2020-02-04,215707,99.42
